City_ID,City,Country,Lat,Lng,Max Temp,Humidity,Cloudiness,Wind Speed,Current Description
0,Yima,CN,34.7381,111.8839,99.68,21,17,20.11,few clouds
1,Gorontalo,ID,0.5412,123.0595,79.14,90,100,1.79,overcast clouds
2,Qaanaaq,GL,77.484,-69.3632,33.55,79,100,6.53,overcast clouds
3,Puerto Ayora,EC,-0.7393,-90.3518,69.55,96,80,4.0,broken clouds
4,Dikson,RU,73.5069,80.5464,35.62,79,97,11.92,overcast clouds
5,Butaritari,KI,3.0707,172.7902,81.28,79,6,6.64,light rain
6,Mataura,NZ,-46.1927,168.8643,43.48,96,99,1.72,overcast clouds
7,Leningradskiy,RU,69.3833,178.4167,43.27,77,96,8.68,light rain
8,Ushuaia,AR,-54.8,-68.3,28.06,93,100,9.22,light snow
9,Vaini,TO,-21.2,-175.2,76.62,88,69,19.71,broken clouds
10,Celestun,MX,20.8667,-90.4,77.14,85,100,10.02,overcast clouds
11,Atuona,PF,-9.8,-139.0333,77.85,75,11,20.07,few clouds
12,Rikitea,PF,-23.1203,-134.9692,74.57,67,63,10.56,broken clouds
13,Tuktoyaktuk,CA,69.4541,-133.0374,36.12,88,100,12.57,overcast clouds
14,Hermanus,ZA,-34.4187,19.2345,47.8,75,14,5.57,few clouds
15,Ibra,OM,22.6906,58.5334,100.98,27,0,6.76,clear sky
16,Bredasdorp,ZA,-34.5322,20.0403,50.65,76,5,5.64,clear sky
17,Pacific Grove,US,36.6177,-121.9166,55.11,89,4,10.0,clear sky
18,Cape Town,ZA,-33.9258,18.4232,52.12,93,20,9.22,few clouds
19,Kupang,ID,-10.1667,123.5833,85.23,57,32,9.86,scattered clouds
20,Beringovskiy,RU,63.05,179.3167,50.85,66,100,12.64,overcast clouds
21,Jamestown,US,42.097,-79.2353,55.51,76,0,4.61,clear sky
22,Port Elizabeth,ZA,-33.918,25.5701,56.32,80,22,4.0,few clouds
23,Areosa,PT,41.7178,-8.8571,61.52,87,66,6.44,broken clouds
24,Castro,BR,-24.7911,-50.0119,45.91,97,71,5.3,broken clouds
25,Provideniya,RU,64.3833,-173.3,54.55,57,12,7.52,few clouds
26,Baker City,US,44.7749,-117.8344,47.59,78,7,4.7,clear sky
27,Enumclaw,US,47.2043,-121.9915,53.92,91,100,1.99,overcast clouds
28,Tara,RU,56.8944,74.371,77.02,50,19,3.18,few clouds
29,Marovoay,MG,-16.1,46.6333,82.81,44,6,8.32,clear sky
30,Aojiang,CN,22.9421,116.0359,85.3,71,100,15.9,moderate rain
31,Ancud,CL,-41.8697,-73.8203,41.23,90,100,5.21,overcast clouds
32,Corcoran,US,36.098,-119.5604,63.09,38,0,12.57,clear sky
33,Ranau,MY,5.9538,116.6641,78.01,88,44,1.05,scattered clouds
34,Busselton,AU,-33.65,115.3333,61.92,62,99,16.98,overcast clouds
35,Alyangula,AU,-13.8483,136.4192,79.16,65,6,12.24,clear sky
36,Kavaratti,IN,10.5669,72.642,83.28,71,100,11.48,overcast clouds
37,Longyearbyen,SJ,78.2186,15.6401,40.84,75,75,14.97,broken clouds
38,Hirado,JP,33.3597,129.5531,81.39,90,100,14.94,overcast clouds
39,Talaya,RU,61.3833,152.75,57.99,51,48,8.52,scattered clouds
40,Saint Anthony,US,45.0205,-93.218,71.49,54,0,14.97,clear sky
41,Barrow,US,71.2906,-156.7887,35.62,80,0,10.36,clear sky
42,Bambanglipuro,ID,-7.95,110.2833,84.18,72,92,12.84,overcast clouds
43,Karasjok,NO,69.4719,25.5112,43.77,80,100,6.24,overcast clouds
44,Terre Haute,US,39.4667,-87.4139,61.97,70,0,7.25,clear sky
45,Buldana,IN,20.5333,76.1833,90.03,42,59,9.46,broken clouds
46,Bubaque,GW,11.2833,-15.8333,78.64,83,100,19.35,moderate rain
47,Yulara,AU,-25.2406,130.9889,72.07,22,100,6.22,overcast clouds
48,Novomykolayivka,UA,47.9781,35.9102,71.83,57,0,4.83,clear sky
49,Makakilo City,US,21.3469,-158.0858,76.57,68,7,14.52,clear sky
50,Hilo,US,19.7297,-155.09,76.28,94,80,1.99,broken clouds
51,Mvuma,ZW,-19.2792,30.5283,64.65,41,0,3.13,clear sky
52,Avarua,CK,-21.2078,-159.775,75.25,69,75,6.91,broken clouds
53,Chuy,UY,-33.6971,-53.4616,40.01,67,1,9.04,clear sky
54,Pochutla,MX,15.7432,-96.4661,75.81,93,88,3.71,overcast clouds
55,Codrington,AU,-38.2667,141.9667,53.87,67,100,12.39,overcast clouds
56,Cartagena,CO,10.3997,-75.5144,79.16,80,28,3.22,scattered clouds
57,Taoudenni,ML,22.6783,-3.9836,90.14,36,99,11.34,overcast clouds
58,Albany,US,42.6001,-73.9662,53.02,68,98,3.0,overcast clouds
59,Port Alfred,ZA,-33.5906,26.891,61.18,74,73,5.99,broken clouds
60,Olafsvik,IS,64.8945,-23.7142,48.99,87,42,17.56,scattered clouds
61,Takoradi,GH,4.8845,-1.7554,74.39,87,100,3.69,overcast clouds
62,Belmonte,BR,-15.8631,-38.8828,68.81,85,7,1.5,clear sky
63,Pisco,PE,-13.7,-76.2167,53.02,92,4,2.51,clear sky
64,Outjo,NA,-20.1167,16.15,60.64,41,0,5.41,clear sky
65,Pangnirtung,CA,66.1451,-65.7125,32.47,75,89,4.32,overcast clouds
66,Senno,RU,59.5336,33.9167,60.26,96,100,8.25,overcast clouds
67,Champerico,GT,14.3,-91.9167,77.38,85,100,5.46,overcast clouds
68,Iquique,CL,-20.2208,-70.1431,58.17,74,0,4.34,clear sky
69,Touros,BR,-5.1989,-35.4608,73.8,91,22,9.69,few clouds
70,Coquimbo,CL,-29.9533,-71.3436,53.6,87,98,4.76,overcast clouds
71,Ginir,ET,7.1333,40.7,68.7,53,45,10.33,scattered clouds
72,Samut Songkhram,TH,13.4,99.9583,101.98,44,37,3.96,scattered clouds
73,Excelsior Springs,US,39.3392,-94.2261,79.5,71,0,3.44,clear sky
74,Kirakira,SB,-10.4544,161.9205,79.47,82,31,2.39,scattered clouds
75,Kodiak,US,57.79,-152.4072,49.51,87,100,8.05,overcast clouds
76,Mangrol,IN,21.1167,70.1167,88.9,64,40,10.85,scattered clouds
77,Saint-Leu,RE,-21.15,55.2833,77.83,69,6,12.57,clear sky
78,Georgetown,MY,5.4112,100.3354,85.95,78,40,8.05,scattered clouds
79,Bluff,NZ,-46.6,168.3333,43.81,74,100,14.16,overcast clouds
80,Hutchinson,US,38.0608,-97.9298,80.04,75,9,3.0,clear sky
81,Padang,ID,-0.9492,100.3543,82.45,80,84,7.29,broken clouds
82,Scarborough,GB,54.2797,-0.4044,57.78,75,33,3.0,scattered clouds
83,La Ronge,CA,55.1001,-105.2842,57.61,99,85,6.17,overcast clouds
84,Meulaboh,ID,4.1363,96.1285,81.5,72,91,5.23,overcast clouds
85,Bethel,US,41.3712,-73.414,57.02,75,70,11.36,broken clouds
86,Sisimiut,GL,66.9395,-53.6735,38.71,77,100,7.96,overcast clouds
87,New Norfolk,AU,-42.7826,147.0587,54.9,75,9,3.0,clear sky
88,Kapaa,US,22.0752,-159.319,78.78,83,100,13.8,overcast clouds
89,Andrychow,PL,49.855,19.3383,76.32,73,0,5.73,clear sky
90,Vestmannaeyjar,IS,63.4427,-20.2734,49.57,88,42,10.11,scattered clouds
91,Saskylakh,RU,71.9167,114.0833,44.26,56,100,23.69,overcast clouds
92,Rahimatpur,IN,17.6,74.2,89.08,45,100,11.77,overcast clouds
93,Viedma,AR,-40.8135,-62.9967,46.26,78,100,11.63,overcast clouds
94,Punta Arenas,CL,-53.15,-70.9167,34.39,74,100,11.03,overcast clouds
95,Arraial Do Cabo,BR,-22.9661,-42.0278,68.72,78,100,15.73,overcast clouds
96,Thompson,CA,55.7435,-97.8558,60.42,82,100,9.57,overcast clouds
97,Gushikawa,JP,26.3544,127.8686,86.63,72,75,13.8,broken clouds
98,Carnarvon,AU,-24.8667,113.6333,70.81,56,3,15.77,clear sky
99,Nara,JP,34.6851,135.8049,87.91,61,100,9.95,overcast clouds
100,Xai-Xai,MZ,-25.0519,33.6442,68.47,65,0,11.45,clear sky
101,Airai,TL,-8.9266,125.4092,70.36,55,66,3.49,broken clouds
102,Moberly,US,39.4184,-92.4382,65.93,74,0,5.75,clear sky
103,Severo-Kurilsk,RU,50.6789,156.125,48.96,94,100,3.06,overcast clouds
104,Khatanga,RU,71.9667,102.5,46.11,55,100,11.99,overcast clouds
105,Hamilton,US,39.1834,-84.5333,60.89,67,0,0.0,clear sky
106,Najran,SA,17.4924,44.1277,94.82,9,83,11.25,broken clouds
107,Sao Filipe,CV,14.8961,-24.4956,74.12,86,100,6.2,overcast clouds
108,Sungurlu,TR,40.1675,34.3739,69.8,47,6,7.74,clear sky
109,Nuuk,GL,64.1835,-51.7216,45.21,81,100,17.27,light snow
110,Campbell River,CA,50.0163,-125.2446,58.53,94,100,1.86,overcast clouds
111,Vila Velha,BR,-20.3297,-40.2925,70.95,90,24,8.01,few clouds
112,Phetchaburi,TH,12.9667,99.5833,95.85,40,86,3.24,overcast clouds
113,Port-Gentil,GA,-0.7193,8.7815,73.36,88,40,4.61,scattered clouds
114,Chissamba,AO,-12.1667,17.3333,60.96,41,56,2.21,broken clouds
115,Batsfjord,NO,70.6345,29.7185,42.73,93,75,8.05,light rain
116,Leiyang,CN,26.4024,112.8591,80.08,89,100,5.3,moderate rain
117,Dingle,PH,10.9995,122.6711,88.0,65,100,4.79,overcast clouds
118,East London,ZA,-33.0153,27.9116,61.56,71,16,9.91,few clouds
119,Yellowknife,CA,62.456,-114.3525,57.56,71,80,4.0,broken clouds
120,Chicama,PE,-7.8447,-79.1469,57.74,84,7,4.56,clear sky
121,Lebu,CL,-37.6167,-73.65,47.64,87,100,10.2,overcast clouds
122,Isangel,VU,-19.55,169.2667,76.21,85,100,17.83,light rain
123,Dunedin,NZ,-45.8742,170.5036,46.8,75,100,8.99,overcast clouds
124,Lompoc,US,34.6391,-120.4579,53.6,80,40,21.0,scattered clouds
125,Guanambi,BR,-14.2233,-42.7814,63.1,50,6,5.23,clear sky
126,Chokurdakh,RU,70.6333,147.9167,61.88,47,100,21.41,overcast clouds
127,Zgorzelec,PL,51.1494,15.0084,82.85,45,0,1.99,clear sky
128,Hobart,AU,-42.8794,147.3294,55.26,78,40,10.36,scattered clouds
129,Pyaozerskiy,RU,65.8333,31.1667,49.19,73,92,8.03,overcast clouds
130,Cosala,MX,24.4125,-106.6908,75.02,87,94,0.45,overcast clouds
131,Umm Kaddadah,SD,13.6017,26.6876,89.2,17,100,10.51,overcast clouds
132,Along,IN,28.1667,94.7667,73.02,99,100,0.49,overcast clouds
133,Ayan,RU,56.45,138.1667,49.14,86,82,9.01,broken clouds
134,Grand Island,US,40.925,-98.342,80.55,70,0,14.97,clear sky
135,Kaitangata,NZ,-46.2817,169.8464,44.37,86,89,7.83,overcast clouds
136,Ixtapa,MX,20.7,-105.2,76.33,91,100,2.35,moderate rain
137,Masallatah,LY,32.6167,14.0,78.44,46,4,10.78,clear sky
138,Impfondo,CG,1.6381,18.0667,72.28,85,100,4.03,overcast clouds
139,Kuytun,RU,54.3419,101.5036,72.43,48,100,4.61,overcast clouds
140,Amahai,ID,-3.3333,128.9167,81.32,78,90,6.73,light rain
141,Bengkulu,ID,-3.8004,102.2655,82.0,80,90,5.46,overcast clouds
142,Alice Springs,AU,-23.7,133.8833,71.15,32,100,8.05,overcast clouds
143,Mount Gambier,AU,-37.8333,140.7667,52.75,70,100,13.0,light rain
144,Karwar,IN,14.8,74.1333,82.99,72,98,7.67,overcast clouds
145,Hithadhoo,MV,-0.6,73.0833,82.49,68,100,0.49,overcast clouds
146,Pallasovka,RU,50.05,46.8833,76.82,46,0,9.42,clear sky
147,San Francisco,US,37.7749,-122.4194,58.51,83,20,13.8,few clouds
148,Khailar,IN,25.35,78.5333,96.98,36,17,9.1,few clouds
149,Bambous Virieux,MU,-20.3428,57.7575,77.25,69,40,12.66,scattered clouds
150,Gorgan,IR,36.8387,54.4348,83.95,52,19,6.98,few clouds
151,Sokolo,ML,14.7328,-6.1219,78.19,70,98,7.47,overcast clouds
152,Faya,SA,18.3851,42.4509,84.72,14,49,8.08,scattered clouds
153,Nikolskoye,RU,59.7035,30.7861,66.87,66,60,13.24,broken clouds
154,Ushtobe,KZ,45.2514,77.9838,91.53,14,8,6.2,clear sky
155,Guerrero Negro,MX,27.9769,-114.0611,63.3,80,0,11.25,clear sky
156,Ribeira Grande,PT,38.5167,-28.7,63.0,67,20,25.32,few clouds
157,Domoni,KM,-12.2569,44.5319,78.28,72,100,11.41,overcast clouds
158,Leh,IN,34.1667,77.5833,57.85,26,91,6.78,overcast clouds
159,Vilcun,CL,-38.65,-72.2333,43.54,85,100,6.13,overcast clouds
160,Ahuimanu,US,21.4447,-157.8378,78.51,74,75,12.66,broken clouds
161,Andilamena,MG,-17.0167,48.5833,64.47,82,80,10.36,broken clouds
162,Juneau,US,58.3019,-134.4197,55.4,92,75,6.91,broken clouds
163,Camalu,MX,30.85,-116.0667,58.46,87,0,9.31,clear sky
164,Vostok,RU,46.4856,135.8833,60.64,91,99,5.93,light rain
165,Khash,IR,28.2211,61.2158,92.84,8,0,20.09,clear sky
166,Dubbo,AU,-32.25,148.6167,59.13,63,40,8.05,scattered clouds
167,Lima,PE,-12.0432,-77.0282,59.23,85,19,8.08,few clouds
168,Borgarnes,IS,64.5383,-21.9206,51.8,86,100,12.62,overcast clouds
169,Cherskiy,RU,68.75,161.3,56.5,48,18,2.93,few clouds
170,Zhezkazgan,KZ,47.8043,67.7144,91.38,14,40,11.18,scattered clouds
171,Rio Negro,BR,-26.1058,-49.7975,41.41,99,43,2.3,scattered clouds
172,Mahebourg,MU,-20.4081,57.7,77.29,69,40,12.66,scattered clouds
173,Biak,ID,-0.9131,122.8766,80.96,76,51,8.03,broken clouds
174,Ponta Do Sol,PT,32.6667,-17.1,69.71,81,61,4.54,broken clouds
175,Barcelos,PT,41.5388,-8.6151,61.92,88,12,3.44,few clouds
176,Constitucion,CL,-35.3333,-72.4167,50.02,61,100,3.09,overcast clouds
177,Cidreira,BR,-30.1811,-50.2056,44.91,78,5,6.55,clear sky
178,Krasnoselkup,RU,65.7,82.4667,71.53,33,30,10.96,scattered clouds
179,Puerto Colombia,CO,10.9878,-74.9547,77.09,80,24,4.68,few clouds
180,Virginia Beach,US,36.8529,-75.978,71.02,50,16,4.0,few clouds
181,Vitim,RU,59.4511,112.5578,67.37,59,100,10.83,overcast clouds
182,Kashin,RU,57.3592,37.6081,61.93,93,100,13.31,overcast clouds
183,Quatre Cocos,MU,-20.2078,57.7625,77.11,70,85,14.88,overcast clouds
184,Buchanan,LR,5.8808,-10.0467,75.74,83,41,3.94,scattered clouds
185,Nome,US,64.5011,-165.4064,63.16,36,40,8.05,scattered clouds
186,Torbay,CA,47.6666,-52.7314,61.29,88,99,4.0,overcast clouds
187,Vao,NC,-22.6667,167.4833,72.39,84,100,25.79,light rain
188,Opotiki,NZ,-38.0833,177.2833,54.39,79,100,9.31,overcast clouds
189,Mar Del Plata,AR,-38.0023,-57.5575,41.09,66,84,3.0,broken clouds
190,Roma,US,43.2128,-75.4557,48.09,78,0,8.88,clear sky
191,Ilheus,BR,-14.7889,-39.0494,64.38,97,71,4.34,broken clouds
192,Karratha,AU,-20.7377,116.8463,82.89,41,0,4.05,clear sky
193,La Palma,US,33.8464,-118.0467,65.97,80,0,4.61,clear sky
194,Sorong,ID,-0.8833,131.25,82.67,74,39,3.06,scattered clouds
195,Srednekolymsk,RU,67.45,153.6833,64.22,32,96,6.71,overcast clouds
196,Port Hueneme,US,34.1478,-119.1951,63.95,80,0,3.44,clear sky
197,Nishihara,JP,26.1842,127.7558,86.68,88,75,13.8,moderate rain
198,Ardalstangen,NO,61.2371,7.6983,53.47,60,100,1.28,overcast clouds
199,Menongue,AO,-14.6585,17.691,61.65,39,0,5.7,clear sky
200,Tabou,CI,4.423,-7.3528,76.62,81,100,1.92,overcast clouds
201,Kudahuvadhoo,MV,2.6708,72.8944,83.44,71,20,7.11,few clouds
202,Kamina,CD,-8.7386,24.9906,73.74,35,100,4.09,overcast clouds
203,Xocali,AZ,39.913,46.7903,76.46,58,20,6.89,few clouds
204,San Ramon,US,37.7799,-121.978,58.41,82,0,8.05,clear sky
205,Gezing,AT,47.9178,13.1299,74.35,85,0,11.5,clear sky
206,Ahipara,NZ,-35.1667,173.1667,57.29,91,100,7.99,overcast clouds
207,Zawadzkie,PL,50.605,18.4847,77.67,54,0,15.55,clear sky
208,Byron Bay,AU,-28.65,153.6167,60.94,80,100,11.97,light rain
209,San Cristobal,VE,7.7669,-72.225,64.44,98,98,3.56,overcast clouds
210,Faanui,PF,-16.4833,-151.75,79.0,78,5,17.43,moderate rain
211,Lavrentiya,RU,65.5833,-171.0,52.75,53,11,5.57,few clouds
212,Sosva,RU,59.1766,61.8558,76.55,44,18,3.04,few clouds
213,Vila,PT,42.0304,-8.1588,50.7,94,82,4.54,broken clouds
214,Okato,NZ,-39.2,173.8833,49.91,100,76,13.4,broken clouds
215,Norman Wells,CA,65.282,-126.8329,62.92,57,80,5.41,broken clouds
216,Lukovetskiy,RU,64.2956,41.9211,56.57,68,96,5.73,overcast clouds
217,Manokwari,ID,-0.8667,134.0833,82.98,68,28,5.06,scattered clouds
218,Tasiilaq,GL,65.6145,-37.6368,41.16,86,100,8.86,overcast clouds
219,Lucea,JM,18.451,-78.1736,77.86,82,100,11.1,overcast clouds
220,Esperance,AU,-33.8667,121.9,57.04,72,87,26.42,light rain
221,Poum,NC,-20.2333,164.0167,75.11,79,13,20.8,few clouds
222,Nanortalik,GL,60.1432,-45.2371,42.66,97,100,9.86,overcast clouds
223,Jumla,NP,29.2747,82.1838,70.18,53,99,7.54,overcast clouds
224,Jalu,LY,29.0331,21.5482,81.46,39,0,2.55,clear sky
225,Rawson,AR,-43.3002,-65.1023,42.08,72,98,15.12,overcast clouds
226,Tommot,RU,58.9564,126.2925,76.96,37,52,4.27,broken clouds
227,Wana,PK,32.2989,69.5725,80.92,45,10,11.99,clear sky
228,Marsala,IT,37.7966,12.4352,78.93,67,4,5.82,clear sky
229,Vardo,NO,70.3705,31.1107,42.78,87,100,9.22,overcast clouds
230,Quimper,FR,48.0,-4.1,54.18,94,100,21.85,light rain
231,Nurota,UZ,40.5614,65.6886,93.07,15,75,16.64,light rain
232,Aksha,RU,50.2814,113.2867,80.98,49,100,2.57,overcast clouds
233,Portland,US,45.5234,-122.6762,55.89,89,93,2.01,overcast clouds
234,Mae Ramat,TH,16.984,98.5166,78.8,88,100,3.56,overcast clouds
235,Mountain Home,US,43.133,-115.6912,54.88,54,0,14.97,clear sky
236,Santa Marta De Tormes,ES,40.9506,-5.6272,59.02,72,20,8.05,few clouds
237,Sao Joao Da Barra,BR,-21.6403,-41.0511,69.44,88,96,12.44,overcast clouds
238,Yumen,CN,40.2833,97.2,83.46,22,100,14.85,overcast clouds
239,Ponta Delgada,PT,37.7333,-25.6667,64.51,72,20,28.77,few clouds
240,Mackay,AU,-21.15,149.2,67.91,78,29,13.73,scattered clouds
241,Luanda,AO,-8.8368,13.2343,68.14,80,100,7.38,overcast clouds
242,Mahon,ES,39.8885,4.2658,77.56,83,0,10.36,clear sky
243,Sur,OM,22.5667,59.5289,96.78,48,0,1.36,clear sky
244,Salym,RU,60.0625,71.4789,78.8,40,100,3.6,overcast clouds
245,Marsh Harbour,BS,26.5412,-77.0636,80.82,75,88,9.19,overcast clouds
246,San Quintin,MX,30.4833,-115.95,60.82,85,0,13.53,clear sky
247,Pevek,RU,69.7008,170.3133,38.98,75,100,5.86,overcast clouds
248,Ust-Kan,RU,50.9276,84.761,64.06,60,100,10.25,overcast clouds
249,Los Llanos De Aridane,ES,28.6585,-17.9182,67.75,90,75,11.5,broken clouds
250,Alamosa,US,37.4695,-105.87,55.38,88,100,9.22,overcast clouds
251,Meppel,NL,52.6958,6.1944,58.21,83,100,5.99,overcast clouds
252,Thiruvananthapuram,IN,8.4833,76.9167,85.98,70,20,6.91,few clouds
253,Amarante Do Maranhao,BR,-5.5667,-46.7422,69.67,78,32,1.19,scattered clouds
254,Oksfjord,NO,70.2396,22.3479,51.98,76,100,2.44,overcast clouds
255,Tortoli,IT,39.9256,9.6572,81.19,37,12,5.68,few clouds
256,Svay Rieng,KH,11.0879,105.7993,91.54,55,100,6.98,overcast clouds
257,Deder,ET,9.3167,41.45,67.06,53,44,4.56,scattered clouds
258,Saldanha,ZA,-33.0117,17.9442,53.92,73,12,4.81,few clouds
259,Sitka,US,57.0531,-135.33,53.49,76,100,4.61,overcast clouds
260,Mount Isa,AU,-20.7333,139.5,80.37,24,9,6.91,clear sky
261,Kachiry,KZ,53.0675,76.1036,79.75,40,58,8.34,broken clouds
262,Miyako,JP,39.6367,141.9525,73.04,77,80,2.21,broken clouds
263,Mehamn,NO,71.0357,27.8492,44.55,81,100,4.61,overcast clouds
264,Dubuque,US,42.4833,-90.8668,61.39,44,0,8.05,clear sky
265,Raudeberg,NO,61.9875,5.1352,54.95,73,100,6.98,overcast clouds
266,Rio Gallegos,AR,-51.6226,-69.2181,24.85,80,0,16.11,clear sky
267,Quchan,IR,37.106,58.5095,75.61,43,1,9.06,clear sky
268,Katsuura,JP,35.1333,140.3,73.38,88,100,16.37,overcast clouds
269,Zhangye,CN,38.9342,100.4517,79.36,31,87,4.36,overcast clouds
270,Sunrise Manor,US,36.2111,-115.0731,77.09,16,0,20.71,clear sky
271,Anloga,GH,5.7947,0.8973,77.34,83,100,3.91,light rain
272,Clyde River,CA,70.4692,-68.5914,30.02,75,7,5.32,clear sky
273,Atar,MR,20.5169,-13.0499,81.72,65,90,6.87,overcast clouds
274,Rorvik,NO,64.8621,11.2373,50.68,86,91,6.31,overcast clouds
275,Hasaki,JP,35.7333,140.8333,90.28,83,100,17.38,overcast clouds
276,Beysehir,TR,37.6773,31.7246,68.94,60,3,2.39,clear sky
277,Samarai,PG,-10.6167,150.6667,81.23,80,31,9.69,scattered clouds
278,Hambantota,LK,6.1241,81.1185,88.14,74,20,11.5,few clouds
279,Tromso,NO,69.6496,18.957,54.37,82,75,3.44,broken clouds
280,Cockburn Town,TC,21.4612,-71.1419,81.41,80,100,15.82,overcast clouds
281,Nabire,ID,-3.3667,135.4833,82.17,78,73,3.09,broken clouds
282,Marawi,PH,7.9986,124.2928,75.15,90,100,4.0,light rain
283,Namibe,AO,-15.1961,12.1522,61.77,82,97,9.86,overcast clouds
284,Belle Fourche,US,44.6714,-103.8522,77.34,41,39,5.5,scattered clouds
285,Lodwar,KE,3.1191,35.5973,79.56,54,100,9.31,overcast clouds
286,Loreto,MX,22.2667,-101.9667,60.21,77,62,9.4,broken clouds
287,Zhigalovo,RU,54.8097,105.1578,69.01,55,100,6.17,overcast clouds
288,Soyo,AO,-6.1349,12.3689,71.92,77,63,4.07,broken clouds
289,Mwaya,TZ,-9.55,33.95,72.12,63,55,3.13,broken clouds
290,Bati,ET,11.1833,40.0167,79.02,35,100,5.17,overcast clouds
291,Kloulklubed,PW,7.0419,134.2556,82.9,67,56,1.57,broken clouds
292,Rehti,IN,22.7333,77.4333,91.8,48,98,5.46,overcast clouds
293,Port Augusta,AU,-32.5,137.7667,59.85,52,41,19.08,scattered clouds
294,Bansang,GM,13.4333,-14.65,76.89,84,99,6.13,overcast clouds
295,Sarwar,IN,26.0667,75.0,97.77,35,6,13.4,clear sky
296,Bathsheba,BB,13.2167,-59.5167,79.05,76,8,18.41,clear sky
297,Narsaq,GL,60.9167,-46.05,44.82,98,100,3.96,light rain
298,Nantucket,US,41.2835,-70.0995,55.45,88,100,13.73,overcast clouds
299,Houma,US,29.5958,-90.7195,84.2,84,0,3.44,clear sky
300,Pitimbu,BR,-7.4706,-34.8086,72.19,82,17,6.78,few clouds
301,Mogadishu,SO,2.0371,45.3438,81.48,66,48,18.21,scattered clouds
302,Svetlogorsk,BY,52.6333,29.7333,70.18,66,90,13.13,overcast clouds
303,Fortuna,US,40.5982,-124.1573,56.66,89,75,3.0,broken clouds
304,Te Anau,NZ,-45.4167,167.7167,41.27,94,97,4.36,overcast clouds
305,Doha,QA,25.2867,51.5333,106.11,12,0,6.91,clear sky
306,Tazovskiy,RU,67.4667,78.7,66.92,42,100,12.26,overcast clouds
307,Tual,ID,-5.6667,132.75,81.9,77,52,15.84,light rain
308,Atasu,KZ,48.6814,71.6433,89.2,18,56,7.18,broken clouds
309,Oshawa,CA,43.9001,-78.8496,54.91,54,0,3.0,clear sky
310,Sabha,LY,27.0377,14.4283,84.45,17,0,12.93,clear sky
311,San Patricio,US,28.017,-97.5169,84.88,87,5,6.29,clear sky
312,Muros,ES,42.7762,-9.0603,62.1,88,100,8.14,overcast clouds
313,Vidim,RU,56.4088,103.1106,68.59,58,84,6.64,broken clouds
314,Khalkhal,IR,37.6189,48.5258,71.6,48,2,4.27,clear sky
315,Kushiro,JP,42.975,144.3747,61.81,91,63,8.25,broken clouds
316,Saint-Philippe,RE,-21.3585,55.7679,74.79,68,2,10.58,clear sky
317,Port Lincoln,AU,-34.7333,135.8667,63.57,56,55,19.8,broken clouds
318,Upernavik,GL,72.7868,-56.1549,33.39,89,94,14.58,overcast clouds
319,Sioux Lookout,CA,50.1001,-91.917,53.1,64,20,10.74,few clouds
320,Ballina,AU,-28.8667,153.5667,61.02,87,100,12.21,overcast clouds
321,Aklavik,CA,68.2191,-135.0107,45.23,76,91,15.37,overcast clouds
322,Bangkalan,ID,-7.0455,112.7351,87.75,70,62,5.37,broken clouds
323,Seoul,KR,37.5683,126.9778,78.19,57,55,9.57,broken clouds
324,Honningsvag,NO,70.9821,25.9704,46.15,71,100,12.66,overcast clouds
325,Cabo San Lucas,MX,22.8909,-109.9124,81.52,75,12,7.29,few clouds
326,Palana,RU,59.1167,159.9667,42.75,89,100,11.48,overcast clouds
327,Manyana,BW,-23.4,21.7167,59.85,26,0,10.87,clear sky
328,Iskateley,RU,67.6803,53.1512,61.7,58,64,14.25,broken clouds
329,Tateyama,JP,34.9833,139.8667,72.81,89,100,18.88,moderate rain
330,Riyadh,SA,24.6877,46.7219,105.94,6,0,6.87,clear sky
331,Kyren,RU,51.6828,102.1408,73.96,49,34,4.99,scattered clouds
332,Buraydah,SA,26.326,43.975,104.9,8,0,9.55,clear sky
333,Talbahat,IN,25.05,78.4333,92.17,47,34,12.37,scattered clouds
334,Zhigansk,RU,66.7697,123.3711,61.74,40,100,12.41,overcast clouds
335,Inzer,RU,54.2167,57.5556,71.47,48,88,7.34,overcast clouds
336,Havre-Saint-Pierre,CA,50.2334,-63.5986,48.87,83,100,17.58,overcast clouds
337,Igarka,RU,67.4667,86.5833,66.42,28,90,10.27,overcast clouds
338,Calabozo,VE,8.9242,-67.4293,72.28,93,98,3.51,overcast clouds
339,Fort Nelson,CA,58.8053,-122.7002,50.22,91,28,1.95,scattered clouds
340,Fort-Shevchenko,KZ,44.5086,50.263,78.42,51,0,10.58,clear sky
341,Kavieng,PG,-2.5744,150.7967,82.45,75,32,7.25,scattered clouds
342,Antofagasta,CL,-23.65,-70.4,56.48,81,0,1.07,clear sky
343,Laguna,US,38.421,-121.4238,64.45,64,0,8.05,clear sky
344,Mendeleyevsk,RU,55.9082,52.2905,69.93,61,12,10.31,few clouds
345,Bilimbay,RU,56.9689,59.8149,71.8,44,6,6.38,clear sky
346,Rumoi,JP,43.9344,141.6428,68.65,74,84,7.4,broken clouds
347,Balikpapan,ID,-1.2675,116.8289,85.19,84,20,4.61,light rain
348,Broome,US,42.2506,-75.833,50.54,72,0,11.5,clear sky
349,Neryungri,RU,56.6709,124.6491,71.1,32,0,5.46,clear sky
350,Ucluelet,CA,48.9329,-125.5528,54.09,90,60,1.5,broken clouds
351,Amposta,ES,40.7131,0.581,80.22,73,25,6.33,scattered clouds
352,Sayyan,YE,15.1718,44.3244,77.95,11,91,12.77,overcast clouds
353,Abu Samrah,SY,35.3029,37.1841,87.01,22,0,11.12,clear sky
354,Tiksi,RU,71.6872,128.8694,41.31,89,100,19.44,overcast clouds
355,Ostrovnoy,RU,68.0531,39.5131,42.33,94,100,10.87,overcast clouds
356,Komsomolskiy,UZ,40.4272,71.7189,84.92,26,0,4.61,clear sky
357,Adrar,MR,20.5022,-10.0711,82.18,51,51,11.3,broken clouds
358,Xingyi,CN,24.1877,102.817,75.02,67,87,7.38,overcast clouds
359,Chernyshevskiy,RU,63.0128,112.4714,81.72,21,97,6.15,overcast clouds
360,Harper,LR,4.375,-7.7169,77.31,80,100,3.65,overcast clouds
361,Melfi,IT,40.9965,15.6514,73.38,35,1,2.93,clear sky
362,Saint-Augustin,CA,51.226,-58.6502,52.3,98,100,1.05,overcast clouds
363,Port-Cartier,CA,50.0334,-66.8654,45.75,78,100,13.73,moderate rain
364,Cuiluan,CN,47.72,128.648,79.12,29,3,12.95,clear sky
365,Waingapu,ID,-9.6567,120.2641,84.85,62,100,15.35,overcast clouds
366,Natal,BR,-5.795,-35.2094,72.25,100,20,3.44,few clouds
367,Lethem,GY,3.3803,-59.7968,72.3,95,100,5.06,light rain
368,Fort Walton Beach,US,30.4058,-86.6188,85.03,77,0,5.75,clear sky
369,Kenai,US,60.5544,-151.2583,53.02,94,100,4.61,light rain
370,Biskamzha,RU,53.4497,89.5272,64.26,76,74,8.25,light rain
371,Kahului,US,20.8947,-156.47,78.82,71,0,16.11,clear sky
372,Ovre Ardal,NO,61.3167,7.8,48.27,62,100,1.86,overcast clouds
373,Lerwick,GB,60.1545,-1.1494,51.8,85,29,19.06,scattered clouds
374,Tura,IN,25.5198,90.2201,80.65,83,58,7.56,broken clouds
375,Martinsville,US,36.6915,-79.8725,59.34,68,0,0.0,clear sky
376,Valdemarpils,LV,57.3707,22.5919,62.28,51,23,12.35,few clouds
377,Nouakchott,MR,18.0858,-15.9785,73.33,95,100,19.8,moderate rain
378,San Carlos De Bariloche,AR,-41.1456,-71.3082,41.25,87,75,9.22,broken clouds
379,Belyy Yar,RU,53.6039,91.3903,75.09,43,40,4.47,thunderstorm
380,Aykhal,RU,66.0,111.5,56.5,45,0,19.98,clear sky
381,Nouadhibou,MR,20.931,-17.0347,69.75,81,14,6.33,few clouds
382,Alofi,NU,-19.0595,-169.9187,78.46,80,89,23.8,light rain
383,Saint George,US,37.1041,-113.5841,79.39,17,0,13.8,clear sky
384,Ilulissat,GL,69.2167,-51.1,33.82,86,14,4.61,few clouds
385,Sampit,ID,-2.5333,112.95,86.32,70,63,1.52,broken clouds
386,Komatipoort,ZA,-25.4332,31.9548,66.97,45,0,5.79,clear sky
387,Oga,IT,46.4631,10.347,63.68,72,14,5.06,few clouds
388,The Woodlands,US,30.158,-95.4894,83.46,76,0,4.61,clear sky
389,Oistins,BB,13.0667,-59.5333,78.93,74,5,19.28,clear sky
390,Cururupu,BR,-1.8283,-44.8683,73.11,94,58,2.71,broken clouds
391,Sauk Village,US,41.4884,-87.5675,58.82,89,0,0.0,clear sky
392,Smithers,CA,54.7804,-127.1743,51.37,96,19,4.54,few clouds
393,Lengshuitan,CN,26.4111,111.5956,79.2,91,100,4.61,moderate rain
394,Amazar,RU,53.858,120.875,79.09,34,100,5.68,overcast clouds
395,Wetter,DE,50.9,8.7167,82.35,55,5,9.66,clear sky
396,Hofn,IS,64.2539,-15.2082,50.7,67,10,4.18,clear sky
397,Kruisfontein,ZA,-34.0033,24.7314,52.88,77,0,7.02,clear sky
398,Kalispell,US,48.1958,-114.3129,57.78,72,100,8.05,overcast clouds
399,Mana,GF,5.6592,-53.7767,75.65,91,94,7.07,overcast clouds
400,Thinadhoo,MV,0.5333,72.9333,83.03,69,37,2.55,scattered clouds
401,Beira,MZ,-19.8436,34.8389,69.89,83,20,5.75,few clouds
402,Foster City,US,37.5586,-122.2711,58.33,81,0,13.8,clear sky
403,Cabedelo,BR,-6.9811,-34.8339,72.27,82,12,9.08,few clouds
404,Victoria,HK,22.2855,114.1577,91.18,84,100,8.99,moderate rain
405,Westport,US,41.1415,-73.3579,58.98,75,100,10.36,overcast clouds
406,Gat,IL,31.61,34.7642,82.4,5,0,6.73,clear sky
407,Synya,RU,65.3718,58.0387,66.38,51,100,5.37,overcast clouds
408,Ambon,ID,-3.6954,128.1814,80.24,14,75,6.91,light rain
409,Spaichingen,DE,48.0833,8.7167,81.75,62,0,5.75,clear sky
410,Pekan,MY,3.4836,103.3996,84.2,70,98,6.4,overcast clouds
411,Jibuti,DJ,11.5,42.5,95.04,27,80,13.42,broken clouds
412,Todos Santos,MX,23.45,-110.2167,76.66,80,16,5.59,few clouds
413,Whitehorse,CA,60.7161,-135.0538,57.81,36,83,1.01,broken clouds
414,Mardin,TR,37.3131,40.7436,94.26,16,0,3.44,clear sky
415,Karla,EE,59.3723,24.9275,60.57,69,40,17.27,scattered clouds
416,Biritiba-Mirim,BR,-23.5698,-46.0407,56.98,97,100,3.94,overcast clouds
417,Xuddur,SO,4.1213,43.8894,81.93,45,100,20.89,overcast clouds
418,Katobu,ID,-4.9408,122.5276,81.43,69,65,7.99,broken clouds
419,Northam,GB,51.0333,-4.2167,54.61,81,100,16.58,overcast clouds
420,Usinsk,RU,65.9939,57.5281,68.59,41,100,11.9,overcast clouds
421,Sechura,PE,-5.5569,-80.8222,62.13,83,10,11.43,clear sky
422,Aktash,RU,50.3,87.7333,55.26,47,92,4.85,overcast clouds
423,Flinders,AU,-34.5833,150.8552,58.37,82,84,9.35,heavy intensity rain
424,Killybegs,IE,54.6333,-8.45,53.78,87,74,17.85,broken clouds
425,Artyom,AZ,40.4723,50.333,82.54,56,0,6.58,clear sky
426,Lalibela,ET,12.0333,39.0333,63.99,55,100,3.04,light rain
427,Pontianak,ID,-0.0333,109.3333,89.58,55,75,6.91,broken clouds
428,Iqaluit,CA,63.7506,-68.5145,40.69,73,100,10.0,overcast clouds
429,Korla,CN,41.7597,86.1469,88.05,16,99,5.73,overcast clouds
430,Chanute,US,37.6792,-95.4572,78.91,65,0,4.61,clear sky
431,Lensk,RU,60.7253,114.9278,79.23,39,100,10.69,overcast clouds
432,Atikokan,CA,48.7555,-91.6216,52.27,52,50,8.12,scattered clouds
433,Pangkalanbuun,ID,-2.6833,111.6167,83.12,81,69,3.29,broken clouds
434,Siguiri,GN,11.6667,-9.5,73.83,84,49,3.94,scattered clouds
435,Chabahar,IR,25.2919,60.643,86.18,75,10,10.85,clear sky
436,Boaco,NI,12.4722,-85.6586,71.33,94,100,2.82,overcast clouds
437,Kununurra,AU,-15.7667,128.7333,89.58,17,17,5.75,few clouds
438,Kailua,US,21.4022,-157.7394,78.78,77,75,11.5,broken clouds
439,Bagli,IN,22.65,76.35,92.77,37,100,9.66,overcast clouds
440,Coihaique,CL,-45.5752,-72.0662,26.55,100,0,0.0,clear sky
441,Tyrma,RU,50.0833,132.1667,72.72,43,89,6.22,overcast clouds
442,Skelleftea,SE,64.7507,20.9528,51.01,89,100,18.41,moderate rain
443,Kieta,PG,-6.2167,155.6333,81.18,78,28,2.68,light rain
444,Oranjemund,NA,-28.55,16.4333,54.9,68,100,8.81,overcast clouds
445,Axim,GH,4.8699,-2.2405,74.86,87,100,2.8,overcast clouds
446,Fairbanks,US,64.8378,-147.7164,63.23,70,75,3.44,broken clouds
447,Repalle,IN,16.0167,80.85,94.75,47,99,12.08,overcast clouds
448,Bermeo,ES,43.4209,-2.7215,71.4,81,63,8.48,broken clouds
449,Sauk Rapids,US,45.5919,-94.1661,71.58,61,50,10.0,scattered clouds
450,Chitapur,IN,17.1167,77.0833,91.96,44,100,7.83,overcast clouds
451,Ulagan,RU,50.6321,87.9563,66.4,38,100,4.41,overcast clouds
452,Santiago Del Estero,AR,-27.7951,-64.2615,46.71,46,0,7.4,clear sky
453,Ano Mera,GR,37.45,25.4,74.14,60,20,27.85,few clouds
454,Souillac,MU,-20.5167,57.5167,77.38,69,40,12.66,scattered clouds
455,Hohhot,CN,40.8106,111.6522,95.0,15,36,16.06,scattered clouds
456,Johnstown,US,40.3267,-78.922,52.14,87,0,9.22,clear sky
457,Sena Madureira,BR,-9.0656,-68.6569,69.04,100,100,2.37,overcast clouds
458,Kolosovka,RU,56.4678,73.611,73.18,64,62,4.59,broken clouds
459,Talnakh,RU,69.4865,88.3972,56.21,25,23,3.13,few clouds
460,Yeniseysk,RU,58.4497,92.1703,76.19,46,57,1.52,light rain
461,Orsha,BY,54.5153,30.4053,65.46,80,99,15.19,overcast clouds
462,Buala,SB,-8.145,159.5921,81.23,77,23,4.29,few clouds
463,Tecoanapa,MX,16.5167,-98.75,78.66,83,100,4.45,overcast clouds
464,Geraldton,AU,-28.7667,114.6,68.41,68,40,17.27,scattered clouds
465,General Roca,AR,-39.0333,-67.5833,49.62,50,100,11.16,light rain
466,Shache,CN,38.4167,77.2406,78.37,32,100,5.35,overcast clouds
467,Cromarty,GB,57.6805,-4.0339,54.14,82,75,16.11,broken clouds
468,Boda,CF,4.3189,17.4695,69.35,89,100,3.31,light rain
469,Abu Dhabi,AE,24.4667,54.3667,107.71,35,0,4.61,clear sky
470,Algodones,MX,20.3888,-105.4773,75.74,85,91,3.0,overcast clouds
471,Severnoye,RU,56.3491,78.3619,70.66,70,63,4.43,light rain
472,Gari,RU,59.4307,62.3497,74.82,47,100,3.22,overcast clouds
473,Noumea,NC,-22.2763,166.4572,73.99,99,87,15.21,moderate rain
474,Coahuayana,MX,18.7333,-103.6833,76.17,87,97,2.44,overcast clouds
475,Paamiut,GL,61.994,-49.6678,40.24,97,100,8.5,overcast clouds
476,Awjilah,LY,29.1081,21.2869,80.4,42,0,2.91,clear sky
477,Lagoa,PT,39.05,-27.9833,62.38,74,0,17.92,clear sky
478,Narrabri,AU,-30.3167,149.7833,60.53,66,100,7.36,overcast clouds
479,Jega,NG,12.2175,4.3792,82.22,60,77,9.15,broken clouds
480,Oeiras,BR,-7.0253,-42.1311,69.98,64,16,4.27,few clouds
481,Baykit,RU,61.67,96.37,72.27,54,100,1.54,overcast clouds
482,Turukhansk,RU,65.8167,87.9833,74.59,28,7,9.04,clear sky
483,Pindi Gheb,PK,33.2402,72.2661,87.85,38,0,3.27,clear sky
484,Carutapera,BR,-1.195,-46.02,74.23,92,65,4.56,broken clouds
485,Breves,BR,-1.6822,-50.4803,71.01,96,26,3.15,scattered clouds
486,Tulu Bolo,ET,8.6667,38.2167,68.9,54,96,1.83,overcast clouds
487,Bandiagara,ML,14.3501,-3.6104,79.14,59,80,4.94,broken clouds
488,Yerofey Pavlovich,RU,53.9667,121.9667,71.28,39,100,10.09,overcast clouds
489,Burnie,AU,-41.0667,145.9167,55.29,86,93,18.75,overcast clouds
490,Margate,GB,51.3813,1.3862,55.31,84,100,8.01,overcast clouds
491,Lasa,IT,46.6166,10.7002,68.68,73,19,3.58,few clouds
492,Bataipora,BR,-22.2953,-53.2711,47.48,89,0,2.37,clear sky
493,Belomorsk,RU,64.5232,34.7668,54.48,80,95,6.91,overcast clouds
494,Urucara,BR,-2.5364,-57.76,73.35,96,95,2.62,overcast clouds
495,Ust-Koksa,RU,50.2696,85.6108,65.91,59,71,5.66,moderate rain
496,Nea Alikarnassos,GR,35.3333,25.1667,77.83,64,40,18.41,scattered clouds
497,Namatanai,PG,-3.6667,152.4333,81.86,76,17,5.14,light rain
498,Kalat,PK,29.0225,66.5916,84.0,11,0,13.38,clear sky
499,Nizhneangarsk,RU,55.7833,109.55,51.94,80,75,6.51,broken clouds
500,Kivertsi,UA,50.8343,25.4582,69.84,65,5,11.36,clear sky
501,Honiara,SB,-9.4333,159.95,79.61,83,28,1.19,scattered clouds
502,Iralaya,HN,15.0,-83.2333,78.89,88,99,8.14,overcast clouds
503,Hailar,CN,49.2,119.7,70.95,56,100,5.93,overcast clouds
504,Khandagayty,RU,50.7333,92.05,68.49,40,100,5.82,overcast clouds
505,Nelson Bay,AU,-32.7167,152.15,61.0,87,99,1.99,light rain
506,Husavik,IS,66.0449,-17.3389,52.72,64,12,6.6,few clouds
507,Chino Valley,US,34.7575,-112.4538,68.11,57,0,6.91,clear sky
508,Kenora,CA,49.8167,-94.4337,60.78,67,100,15.01,overcast clouds
509,Sao Cristovao,BR,-11.0147,-37.2064,73.31,94,40,3.44,scattered clouds
510,Leo,BF,11.1,-2.1,73.31,89,47,6.6,light rain
511,Samandag,TR,36.0842,35.9771,84.72,55,0,11.21,clear sky
512,Port Pirie,AU,-33.1833,138.0167,59.25,54,9,15.68,clear sky
513,Maniitsoq,GL,65.4167,-52.9,39.25,92,100,8.01,light rain
514,Qujing,CN,25.4833,103.7833,75.43,66,98,10.65,overcast clouds
515,Santa Cruz,BO,-17.8,-63.1667,60.26,72,40,2.3,scattered clouds
516,Mayo,US,38.8876,-76.5119,64.94,50,0,3.0,clear sky
517,Itarema,BR,-2.9248,-39.9167,73.26,88,98,10.31,overcast clouds
518,Portlethen,GB,57.0547,-2.1307,52.48,73,100,16.11,overcast clouds
519,San Jacinto,US,33.7839,-116.9586,66.65,70,0,1.01,clear sky
520,Marzuq,YE,14.4,46.4667,91.54,22,96,3.09,overcast clouds
521,Puerto Escondido,MX,15.85,-97.0667,79.52,86,100,7.38,overcast clouds
522,Canico,PT,32.6333,-16.85,71.01,85,75,10.36,broken clouds
523,Gryazovets,RU,58.88,40.2525,50.81,98,100,9.66,overcast clouds
524,Binghamton,US,42.0987,-75.918,50.85,78,0,11.5,clear sky
525,Tessalit,ML,20.1986,1.0114,87.28,34,100,6.11,overcast clouds
526,Ouesso,CG,1.6136,16.0517,70.65,94,100,1.77,light rain
527,Gazanjyk,TM,39.2446,55.5154,89.56,30,0,5.79,clear sky
528,Strezhevoy,RU,60.7333,77.5889,77.45,33,6,5.93,clear sky
529,Bongandanga,CD,1.5,21.05,69.8,98,100,1.25,overcast clouds
530,Latung,PH,5.5,120.8833,83.61,70,100,6.78,overcast clouds
531,Mitu,CO,1.1983,-70.1733,69.55,99,100,0.29,overcast clouds
532,Gandajika,CD,-6.75,23.95,75.85,38,96,3.15,overcast clouds
533,Conakry,GN,9.538,-13.6773,73.47,100,75,9.22,light rain
534,Imbituba,BR,-28.24,-48.6703,52.86,98,6,3.27,clear sky
535,Safford,US,32.834,-109.7076,73.11,83,0,8.05,clear sky
536,Dali,CN,25.7,100.1833,74.43,63,49,9.28,scattered clouds
537,Alcudia,ES,39.8532,3.1214,87.37,64,0,13.11,clear sky
538,Fez,MA,34.0372,-4.9998,70.05,68,40,0.0,scattered clouds
539,Macatuba,BR,-22.5022,-48.7114,58.82,90,59,7.65,broken clouds
540,Masty,BY,53.4122,24.5387,69.89,74,62,9.1,broken clouds
541,Salalah,OM,17.0151,54.0924,87.89,79,75,17.27,broken clouds
542,Korem,ET,12.5058,39.5228,64.47,47,100,4.21,overcast clouds
543,Maningrida,AU,-12.0667,134.2667,85.39,50,6,7.63,clear sky
544,Olinda,BR,-8.0089,-34.8553,74.93,94,40,2.3,scattered clouds
545,Qasigiannguit,GL,68.8193,-51.1922,34.05,89,80,7.2,broken clouds
546,Sibu,MY,2.3,111.8167,89.91,58,40,2.3,scattered clouds
547,Malanje,AO,-9.5402,16.341,63.19,54,91,2.75,overcast clouds
548,Lokhvytsya,UA,50.3678,33.2602,70.23,54,3,5.77,clear sky
549,Hue,VN,16.4667,107.6,96.91,56,20,9.22,few clouds
550,Egvekinot,RU,66.3167,-179.1667,43.07,72,56,5.03,broken clouds
551,Mpanda,TZ,-6.3655,31.0409,74.05,44,95,3.11,overcast clouds
552,Qarqin,AF,37.4185,66.0436,99.68,10,22,16.26,few clouds
553,Donskoye,RU,45.4552,41.9741,78.62,36,100,2.91,overcast clouds
554,Kumburgaz,TR,41.0211,28.4772,75.11,63,0,18.14,clear sky
555,Ichinoseki,JP,38.9167,141.1333,77.58,70,26,7.11,scattered clouds
556,Alappuzha,IN,9.49,76.3264,82.54,73,100,7.4,overcast clouds
557,Murray Bridge,AU,-35.1167,139.2667,60.12,68,100,16.8,light rain
558,Dezful,IR,32.3811,48.4058,111.58,6,0,4.97,clear sky
559,Marostica,IT,45.7468,11.6579,83.44,53,4,2.82,clear sky
560,Prachuap Khiri Khan,TH,12.2167,99.75,87.44,57,100,1.45,overcast clouds
561,Vrangel,RU,42.7297,133.0839,65.53,77,66,11.41,broken clouds
562,Boa Vista,BR,2.8197,-60.6733,78.78,83,75,2.3,broken clouds
563,High Level,CA,58.5169,-117.136,57.31,100,100,8.05,light rain
564,Abnub,EG,27.2696,31.1511,86.43,20,0,16.17,clear sky
565,Vila Franca Do Campo,PT,37.7167,-25.4333,64.2,77,10,12.59,clear sky
566,Ouadda,CF,8.0777,22.4007,70.14,90,99,2.8,overcast clouds
567,Tilichiki,RU,60.4667,166.1,49.62,72,100,5.14,overcast clouds
568,Cordoba,AR,-31.4135,-64.1811,58.19,32,0,5.75,clear sky
569,Dakar,SN,14.6937,-17.4441,78.93,89,40,4.61,scattered clouds
570,Mareeba,AU,-17.0,145.4333,69.48,66,9,6.69,clear sky
571,Kapit,MY,2.0167,112.9333,92.62,47,68,2.77,broken clouds
572,Vallenar,CL,-28.5708,-70.7581,48.58,82,100,0.96,overcast clouds
573,Hatsukaichi,JP,34.35,132.3333,80.55,77,100,6.96,overcast clouds
574,Bandarbeyla,SO,9.4942,50.8122,89.04,42,100,27.25,overcast clouds
575,Kautokeino,NO,69.0125,23.0412,45.18,85,100,5.12,overcast clouds
576,Nuevo Cuscatlan,SV,13.6486,-89.2653,64.36,100,100,3.11,overcast clouds
577,Oktyabrskoye,RU,43.0645,44.7417,73.54,64,40,6.71,scattered clouds
578,Sola,VU,-13.8833,167.55,79.07,79,82,12.12,broken clouds
579,Luderitz,NA,-26.6481,15.1594,56.37,76,50,10.83,scattered clouds
580,Zyryanka,RU,65.75,150.85,68.45,34,25,8.05,scattered clouds
581,Ayagoz,KZ,47.9714,80.4392,82.2,25,80,8.63,broken clouds
582,Lakes Entrance,AU,-37.8811,147.981,53.17,88,14,12.21,few clouds
583,Uusikaupunki,FI,60.8004,21.4084,54.7,62,0,19.91,clear sky
584,Kalmunai,LK,7.4167,81.8167,90.68,55,95,8.86,overcast clouds
585,Amlagora,IN,22.8333,87.3333,99.16,36,76,14.85,broken clouds
586,Strelka,RU,58.0728,93.0344,75.45,47,79,5.17,broken clouds
587,Fort Smith,US,35.3859,-94.3986,75.52,92,0,8.05,clear sky
588,Nizwa,OM,22.9333,57.5333,102.87,23,0,7.07,clear sky
589,Cilibia,RO,45.0667,27.0667,74.75,42,0,8.81,clear sky
590,Tuatapere,NZ,-46.1333,167.6833,45.48,86,100,2.48,overcast clouds
591,Atherton,GB,53.5237,-2.4935,55.74,85,99,3.0,overcast clouds
592,West Fargo,US,46.875,-96.9004,78.85,58,0,25.32,clear sky
593,Kuusamo,FI,65.9667,29.1833,50.04,66,75,10.36,broken clouds
594,Tuy Hoa,VN,13.0833,109.3,93.9,52,78,14.12,broken clouds
595,Trincomalee,LK,8.5711,81.2335,89.28,61,100,6.38,light rain
596,Bereda,ES,43.2686,-7.5406,58.14,100,100,6.64,overcast clouds
597,Rota,ES,36.6224,-6.3586,69.93,83,75,5.75,broken clouds
598,Santiago,CL,-33.4569,-70.6483,53.17,58,75,4.61,smoke
599,Lorengau,PG,-2.0226,147.2712,82.9,68,23,7.23,few clouds
600,Moree,AU,-29.4667,149.85,59.47,57,84,2.04,broken clouds
601,Maldonado,UY,-34.6667,-54.9167,47.59,57,57,13.42,broken clouds
602,Langsa,ID,4.4683,97.9683,83.82,66,100,4.45,light rain
603,Sarmanovo,RU,55.2553,52.5891,70.48,67,47,11.95,scattered clouds
604,Barranco,PA,9.5167,-82.7,76.23,91,100,2.64,overcast clouds
605,Waipawa,NZ,-41.4122,175.5153,46.45,80,100,15.52,overcast clouds
606,Shetpe,KZ,44.1667,52.1167,83.97,22,1,12.66,clear sky
607,La Asuncion,VE,11.0333,-63.8628,78.53,94,60,12.66,broken clouds
608,Iacobeni,RO,47.4333,25.3167,69.51,56,5,0.78,clear sky
609,Pandan Niog,PH,6.2282,120.5631,83.77,70,100,6.58,overcast clouds
610,Calama,CL,-22.4667,-68.9333,30.69,34,0,16.11,clear sky
611,Ust-Nera,RU,64.5667,143.2,73.33,30,100,8.23,overcast clouds
612,Homer,US,59.6425,-151.5483,49.89,85,100,8.99,overcast clouds
613,Sorgun,TR,39.8101,35.186,65.71,59,1,9.37,clear sky
614,Midland,US,31.9974,-102.0779,81.48,39,0,11.5,clear sky
615,Mayumba,GA,-3.432,10.6554,71.71,82,92,7.52,overcast clouds
616,Saint-Georges,GD,12.0564,-61.7485,78.55,77,81,15.21,broken clouds
617,Palu,ID,-0.8917,119.8707,81.77,92,88,2.77,overcast clouds
618,Manavalakurichi,IN,8.1333,77.3,86.65,66,68,16.67,broken clouds
619,Ulladulla,AU,-35.35,150.4667,53.76,78,95,7.67,light rain
620,Haverfordwest,GB,51.8017,-4.9691,52.05,91,96,4.0,overcast clouds
621,Pishin,PK,30.5803,66.9961,90.59,9,0,12.37,clear sky
622,Solnechnyy,RU,50.7214,136.6319,50.29,97,100,6.04,overcast clouds
623,Guapimirim,BR,-22.5372,-42.9819,64.11,99,100,2.46,overcast clouds
624,Taltal,CL,-25.4,-70.4833,55.33,83,38,1.25,scattered clouds
625,Sandnessjoen,NO,66.0217,12.6316,52.65,81,35,5.01,scattered clouds
626,Erenhot,CN,43.6475,111.9767,100.44,9,70,17.54,broken clouds
627,Yeppoon,AU,-23.1333,150.7333,71.38,71,0,13.09,clear sky
628,Mpongwe,ZM,-13.5091,28.155,65.7,52,9,5.26,clear sky
629,San Rafael,AR,-34.6177,-68.3301,46.85,28,41,4.32,scattered clouds
630,Sobolevo,RU,54.4299,31.8996,65.41,76,75,16.73,broken clouds
631,Catamarca,AR,-28.4696,-65.7852,48.78,46,4,1.99,clear sky
632,Le Port,RE,-20.9373,55.2919,78.76,67,20,7.45,few clouds
633,Bozhou,CN,33.8772,115.7703,104.49,18,100,13.6,overcast clouds
634,Dandong,CN,40.1292,124.3947,81.37,62,48,8.66,scattered clouds
635,Kungurtug,RU,50.5994,97.5228,73.27,28,83,0.98,broken clouds
636,Yekimovichi,RU,54.1129,33.2965,63.21,75,100,11.88,overcast clouds
637,Galesong,ID,-5.3166,119.3661,77.02,73,73,4.34,broken clouds
638,Kyshtovka,RU,56.555,76.6271,74.08,61,37,6.2,scattered clouds
639,Altay,CN,47.8667,88.1167,77.2,31,41,16.17,scattered clouds
640,Khandbari,NP,27.3747,87.2039,80.1,74,71,4.09,broken clouds
641,Gimli,CA,50.6336,-96.9907,66.22,77,60,18.41,broken clouds
642,Anadyr,RU,64.75,177.4833,55.9,58,0,15.66,clear sky
643,East Hemet,US,33.74,-116.9389,66.2,57,0,2.89,clear sky
644,Chateauroux,FR,46.8167,1.7,71.6,68,11,8.05,few clouds
645,Sinnamary,GF,5.3833,-52.95,76.08,90,100,6.46,overcast clouds
646,Aswan,EG,24.0934,32.907,93.87,20,60,15.99,broken clouds
647,Vezirkopru,TR,41.1436,35.4547,75.69,57,12,3.49,few clouds
648,Port Macquarie,AU,-31.4333,152.9167,59.9,85,100,11.65,light rain
649,Dudinka,RU,69.4058,86.1778,56.62,26,72,9.1,broken clouds
650,Ardahan,TR,41.1087,42.7022,66.4,69,10,4.05,clear sky
651,Botwood,CA,49.1499,-55.3482,59.9,94,100,12.84,overcast clouds
652,Acarau,BR,-2.8856,-40.12,74.08,87,98,11.34,overcast clouds
653,Chau Doc,VN,10.7,105.1167,90.18,59,96,9.44,overcast clouds
654,Biking,PH,9.5938,123.843,84.56,67,74,1.97,broken clouds
655,Oriximina,BR,-1.7656,-55.8661,73.38,91,100,2.84,overcast clouds
656,Mandalgovi,MN,45.7625,106.2708,63.39,63,100,17.54,light rain
657,Kutum,SD,14.2,24.6667,82.29,19,53,8.63,broken clouds
658,Colac,AU,-38.3333,143.5833,51.17,75,100,7.49,overcast clouds
659,Henties Bay,NA,-22.116,14.2845,56.93,92,76,3.49,broken clouds
660,Stokmarknes,NO,68.5646,14.9108,51.78,82,20,3.44,few clouds
661,Shubarshi,KZ,48.5872,57.1869,77.45,33,97,21.3,overcast clouds
662,Amurrio,ES,43.05,-3.0,70.47,77,5,3.18,clear sky
663,Verkhnyaya Inta,RU,65.9811,60.3094,70.38,47,49,8.99,scattered clouds
664,Moron,AR,-34.6534,-58.6198,51.03,66,89,9.69,overcast clouds
665,Las Palmas,ES,28.4204,-14.0131,66.99,83,20,8.05,few clouds
666,Half Moon Bay,US,37.4636,-122.4286,57.87,84,100,13.8,mist
667,Lithakia,GR,37.7167,20.8333,79.97,61,75,9.22,broken clouds
668,Quang Ngai,VN,15.1167,108.8,96.28,48,49,11.99,scattered clouds
669,Mildura,AU,-34.2,142.15,53.08,83,100,9.04,light rain
670,Cayenne,GF,4.9333,-52.3333,75.24,1,100,0.0,moderate rain
671,Ambilobe,MG,-13.2,49.05,84.02,50,4,2.24,clear sky
672,Alberton,CA,46.8168,-64.0654,57.11,93,4,7.14,clear sky
673,Itaocara,BR,-21.6692,-42.0761,65.84,93,96,1.68,overcast clouds
674,Warri,NG,5.5167,5.75,74.64,93,99,3.04,overcast clouds
675,Mlonggo,ID,-6.5333,110.7,84.61,69,35,4.81,scattered clouds
676,Gazli,UZ,40.1333,63.45,95.23,20,10,19.01,clear sky
677,Kurumkan,RU,54.3,110.3,74.88,39,99,5.21,overcast clouds
678,Moerai,PF,-22.4333,-151.3333,73.06,58,52,18.92,broken clouds
679,Murupara,NZ,-38.4667,176.7,46.98,81,100,6.24,overcast clouds
680,Agadez,NE,19.75,10.25,87.76,15,0,10.45,clear sky
681,Dharmanagar,IN,24.3667,92.1667,78.26,93,100,7.09,overcast clouds
682,Parabel,RU,58.6978,81.4825,74.07,56,18,6.35,light rain
683,Churapcha,RU,62.0025,132.4325,76.15,40,49,5.12,scattered clouds
684,Jonesboro,US,35.8423,-90.7043,71.29,60,0,9.22,clear sky
685,Norsup,VU,-16.0667,167.3833,78.1,83,100,7.7,overcast clouds
686,Pudozh,RU,61.8099,36.5345,50.56,97,100,7.9,moderate rain
687,Holme,DK,56.1138,10.1725,53.17,89,100,7.09,overcast clouds
688,Palmer,US,42.1584,-72.3287,52.63,81,100,5.75,moderate rain
689,Warin Chamrap,TH,15.1932,104.8628,99.91,55,40,8.05,scattered clouds
690,Griffith,US,41.5284,-87.4237,57.88,90,0,0.0,clear sky
691,Tomatlan,MX,19.9333,-105.25,77.05,84,95,1.59,overcast clouds
692,Brownsville,US,25.9018,-97.4975,80.91,87,0,5.75,clear sky
693,Khowst,AF,33.3833,69.8833,82.27,40,0,14.88,clear sky
694,Nieuw Amsterdam,SR,5.8833,-55.0833,77.02,90,79,8.3,broken clouds
695,Bibbiena,IT,43.6965,11.8135,77.59,51,0,2.75,clear sky
696,Abbeville,FR,50.1,1.8333,58.5,75,100,14.0,overcast clouds
697,Asau,RO,46.4333,26.4,68.92,48,0,2.42,clear sky
698,Porto Novo,BJ,6.4965,2.6036,74.52,92,100,2.33,overcast clouds
699,Matagami,CA,49.7502,-77.6328,35.71,80,0,6.91,clear sky
